,AMZN,AAPL,META,MSFT,NVDA,SP500
AMZN,1.0,0.8785749912910666,0.869682075980391,0.9099940840951201,0.690329393448094,0.9192578549877245
AAPL,0.8785749912910666,1.0,0.8195231822788125,0.9808019184401358,0.796133633871538,0.9744638153623886
META,0.869682075980391,0.8195231822788125,1.0,0.8742880854981561,0.8984068606857477,0.8916799399584641
MSFT,0.9099940840951201,0.9808019184401358,0.8742880854981561,1.0,0.8229487500097035,0.9852957989928558
NVDA,0.690329393448094,0.796133633871538,0.8984068606857477,0.8229487500097035,1.0,0.8337334263040778
SP500,0.9192578549877245,0.9744638153623886,0.8916799399584641,0.9852957989928558,0.8337334263040778,1.0
